Comment,Designator,Footprint,LCSC Part #
ESP32-WROOM-32E-N4,U1,MODULE_ESP32-WROOM-32E,C701341
BL0942,U2,SSOP-10-150mil,C2837510
CH340C,U3,SOP-16_150mil,C84681
AMS1117-3.3,U4,SOT-223,C6186
LTV-356T-C,"U5,U6,U7,U8",SOP-4,C115452
SRD-05VDC-SL-C,"K1,K2,K3,K4",RELAY-TH_SRD-05VDC-SL-C,C35449
1mR 1% 3W,R_SHUNT,R2512,C459678
1N4148W,"D1,D2,D3,D4",SOD-123,C81598
SS8050 (NPN),"Q1,Q2,Q3,Q4,Q5,Q6",SOT-23,C2146
LED Green 0805,"LED_R1,LED_R2,LED_R3,LED_R4",LED0805,C2297
LED Blue 0805,LED_WIFI,LED0805,C2293
LED Red 0805,LED_PWR,LED0805,C84256
1k 1% 0805,"R1,R2,R3,R4,R5,R6,R7,R8,R9,R10",R0805,C17513
10k 1% 0805,"R11,R12,R13,R14,R15,R16,R17,R18",R0805,C17414
5.1k 1% 0805,"R19,R20",R0805,C17772
390k 1% 1206,"R21,R22,R23,R24,R25",R1206,C17942
100nF (0.1uF) 50V 0805,"C1,C2,C3,C4,C5,C6,C7,C8",C0805,C49678
10uF 25V 0805,"C9,C10,C11,C12",C0805,C15850
22uF 16V 1206,"C13,C14",C1206,C13585
TYPE-C-16P Female,J1,USB-C-16P-SMD,C283540
Tactile Switch SMD 3x4,"SW_EN,SW_BOOT",SW-SMD_3X4MM,C398055
MOV 10D471K (Surge),MOV1,VAR_10D471K,C8760
Fuse 10A 2410,F1,FUSE-SMD-2410,C2838934
Screw Terminal 2P 5.08mm,TB_AC_IN,TB-5.08-2P,C8465
Screw Terminal 3P 5.08mm,"TB_CH1,TB_CH2,TB_CH3,TB_CH4",TB-5.08-3P,C8467
Screw Terminal 5P 5.08mm,TB_SWITCHES,TB-5.08-5P,C2927513
