Designator,Mid X,Mid Y,Rotation,Layer
U1,62.0,52.0,0.0,Top
U2,45.0,35.0,90.0,Top
U3,20.0,20.0,0.0,Top
U4,48.0,55.0,180.0,Top
U5,38.0,23.0,0.0,Top
U6,60.0,23.0,0.0,Top
U7,82.0,23.0,0.0,Top
U8,104.0,23.0,0.0,Top
K1,38.0,36.0,0.0,Top
K2,60.0,36.0,0.0,Top
K3,82.0,36.0,0.0,Top
K4,104.0,36.0,0.0,Top
R_SHUNT,22.0,44.0,90.0,Top
F1,21.0,58.0,0.0,Top
MOV1,12.0,46.0,0.0,Top
PS1,28.0,52.0,90.0,Top
J1,12.0,8.0,180.0,Top
TB_AC_IN,12.0,60.0,0.0,Top
TB_CH1,38.0,10.0,180.0,Top
TB_CH2,60.0,10.0,180.0,Top
TB_CH3,82.0,10.0,180.0,Top
TB_CH4,104.0,10.0,180.0,Top
TB_SWITCHES,112.0,52.0,270.0,Top
SW_EN,95.0,58.0,0.0,Top
SW_BOOT,95.0,46.0,0.0,Top
LED_PWR,82.0,63.0,0.0,Top
LED_WIFI,82.0,59.0,0.0,Top
LED_R1,82.0,55.0,0.0,Top
LED_R2,82.0,51.0,0.0,Top
LED_R3,82.0,47.0,0.0,Top
LED_R4,82.0,43.0,0.0,Top
Q1,44.0,23.0,0.0,Top
Q2,66.0,23.0,0.0,Top
Q3,88.0,23.0,0.0,Top
Q4,110.0,23.0,0.0,Top
Q5,16.0,26.0,0.0,Top
Q6,24.0,26.0,0.0,Top
D1,33.0,26.0,90.0,Top
D2,55.0,26.0,90.0,Top
D3,77.0,26.0,90.0,Top
D4,99.0,26.0,90.0,Top
