Designator,Val,Package,Mid X,Mid Y,Rotation,Layer
U1,ESP32-WROOM-32D,MODULE_ESP32-WROOM-32E,62.0,52.0,0.0,Top
U2,BL0942,SSOP-10-150mil,45.0,35.0,90.0,Top
U3,CH340C,SOP-16_150mil,20.0,20.0,0.0,Top
U4,AMS1117-3.3,SOT-223,48.0,55.0,180.0,Top
U5,LTV-356T-C,SOP-4,38.0,23.0,0.0,Top
U6,LTV-356T-C,SOP-4,60.0,23.0,0.0,Top
U7,LTV-356T-C,SOP-4,82.0,23.0,0.0,Top
U8,LTV-356T-C,SOP-4,104.0,23.0,0.0,Top
K1,SRD-05VDC-SL-C,RELAY-TH_SRD-05VDC-SL-C,38.0,36.0,0.0,Top
K2,SRD-05VDC-SL-C,RELAY-TH_SRD-05VDC-SL-C,60.0,36.0,0.0,Top
K3,SRD-05VDC-SL-C,RELAY-TH_SRD-05VDC-SL-C,82.0,36.0,0.0,Top
K4,SRD-05VDC-SL-C,RELAY-TH_SRD-05VDC-SL-C,104.0,36.0,0.0,Top
R_SHUNT,1mR 1% 3W,R2512,22.0,44.0,90.0,Top
F1,10A 250V,FUSE-SMD-2410,21.0,58.0,0.0,Top
MOV1,10D471K,VAR_10D471K,12.0,46.0,0.0,Top
J1,TYPE-C-16P,USB-C-16P-SMD,12.0,8.0,180.0,Top
TB_AC_IN,2P 5.08mm,TB-5.08-2P,12.0,60.0,0.0,Top
TB_CH1,3P 5.08mm,TB-5.08-3P,38.0,10.0,180.0,Top
TB_CH2,3P 5.08mm,TB-5.08-3P,60.0,10.0,180.0,Top
TB_CH3,3P 5.08mm,TB-5.08-3P,82.0,10.0,180.0,Top
TB_CH4,3P 5.08mm,TB-5.08-3P,104.0,10.0,180.0,Top
TB_SWITCHES,5P 5.08mm,TB-5.08-5P,112.0,52.0,270.0,Top
SW_EN,Tactile Switch,SW-SMD_3X4MM,95.0,58.0,0.0,Top
SW_BOOT,Tactile Switch,SW-SMD_3X4MM,95.0,46.0,0.0,Top
LED_PWR,LED Red,LED0805,82.0,63.0,0.0,Top
LED_WIFI,LED Blue,LED0805,82.0,59.0,0.0,Top
LED_R1,LED Green,LED0805,82.0,55.0,0.0,Top
LED_R2,LED Green,LED0805,82.0,51.0,0.0,Top
LED_R3,LED Green,LED0805,82.0,47.0,0.0,Top
LED_R4,LED Green,LED0805,82.0,43.0,0.0,Top
Q1,SS8050,SOT-23,44.0,23.0,0.0,Top
Q2,SS8050,SOT-23,66.0,23.0,0.0,Top
Q3,SS8050,SOT-23,88.0,23.0,0.0,Top
Q4,SS8050,SOT-23,110.0,23.0,0.0,Top
Q5,SS8050,SOT-23,16.0,26.0,0.0,Top
Q6,SS8050,SOT-23,24.0,26.0,0.0,Top
D1,1N4148W,SOD-123,33.0,26.0,90.0,Top
D2,1N4148W,SOD-123,55.0,26.0,90.0,Top
D3,1N4148W,SOD-123,77.0,26.0,90.0,Top
D4,1N4148W,SOD-123,99.0,26.0,90.0,Top
R1,1k,R0805,35.0,26.0,0.0,Top
R2,1k,R0805,57.0,26.0,0.0,Top
R3,1k,R0805,79.0,26.0,0.0,Top
R4,1k,R0805,101.0,26.0,0.0,Top
R5,1k,R0805,41.0,25.0,0.0,Top
R6,1k,R0805,63.0,25.0,0.0,Top
R7,1k,R0805,85.0,25.0,0.0,Top
R8,1k,R0805,107.0,25.0,0.0,Top
R9,1k,R0805,86.0,63.0,0.0,Top
R10,1k,R0805,86.0,59.0,0.0,Top
R11,10k,R0805,106.0,44.0,0.0,Top
R12,10k,R0805,106.0,48.0,0.0,Top
R13,10k,R0805,106.0,52.0,0.0,Top
R14,10k,R0805,106.0,56.0,0.0,Top
R15,10k,R0805,90.0,61.0,0.0,Top
R16,10k,R0805,90.0,43.0,0.0,Top
R17,10k,R0805,18.0,28.0,0.0,Top
R18,10k,R0805,22.0,28.0,0.0,Top
R19,5.1k,R0805,9.0,14.0,0.0,Top
R20,5.1k,R0805,15.0,14.0,0.0,Top
R21,390k,R1206,38.0,42.0,0.0,Top
R22,390k,R1206,42.0,42.0,0.0,Top
R23,390k,R1206,46.0,42.0,0.0,Top
R24,390k,R1206,50.0,42.0,0.0,Top
R25,390k,R1206,54.0,42.0,0.0,Top
C1,100nF,C0805,103.0,44.0,0.0,Top
C2,100nF,C0805,103.0,48.0,0.0,Top
C3,100nF,C0805,103.0,52.0,0.0,Top
C4,100nF,C0805,103.0,56.0,0.0,Top
C5,100nF,C0805,54.0,62.0,0.0,Top
C6,100nF,C0805,42.0,33.0,0.0,Top
C7,100nF,C0805,17.0,17.0,0.0,Top
C8,100nF,C0805,88.0,61.0,0.0,Top
C9,10uF,C0805,44.0,57.0,0.0,Top
C10,10uF,C0805,52.0,57.0,0.0,Top
C11,10uF,C0805,52.0,62.0,0.0,Top
C12,10uF,C0805,16.0,12.0,0.0,Top
C13,22uF,C1206,33.0,32.0,0.0,Top
C14,22uF,C1206,52.0,35.0,0.0,Top
